vb_mm_ff,physstr_mm_ff
-0.6328790930247008,0.31565977395006345
-3.119850711175311,0.039071042013639534
4.327179377669218,0.7595871205428346
-0.418774649838507,-0.1803418582058154
0.7191404732187756,-0.778820108124511
0.5418109133425766,-0.8704699601808193
1.888204451927779,1.56787421023174
0.6201339972068025,-0.44051371698700925
0.18380402790069272,1.4741153524961228
-1.023829277641441,-0.7501628786697234
-0.4172323983898143,0.5842352851320627
-0.07661693104793788,-0.5737809319540341
2.544422363638474,-0.22075146952709207
-1.6809791584449094,-1.257290588158316
1.9017768067112568,-0.2780254176064664
0.7242651018595128,0.9977187478242321
-1.3350597214838773,-1.0210796547070642
1.4777834180549236,0.2342655205115296
0.630347838796018,1.008898489038515
0.6400830295417093,-0.6277655647906417
1.5051457789670444,-0.1863625502090148
-1.1585039520941662,-0.6819984231288998
0.870132196029056,-0.853946961115592
0.5688482922774334,-0.427820676588314
-3.4589094551120065,-0.5324611049783996
-1.1506341805188884,0.03541223063377186
2.4304569423081626,1.5043748186725632
0.49609234314886974,-0.5428997960852168
-3.4064397107726863,-2.169172311327388
1.5346027823576067,-0.9346727142611524
2.0043197002039266,-0.41775124388771245
-1.3548690836937118,-0.06988171738240678
0.7748758279925472,1.1449518447895952
-3.73083105561429,-0.4561654033314333
-0.9352104745105798,1.1258833165129327
0.5811495055131806,-1.269774910118887
0.5162471952019572,-0.4462271678876423
0.1799772217625044,0.7811124819856161
0.9864204503520986,0.6175390127338704
-0.462772446302826,-0.4359064212124777
-0.31253989811931504,1.0508960424111797
1.0572929343043231,-0.3349130021119283
2.3454337794310676,1.2264067882638086
1.253810124637579,0.7098512896129716
-2.8093498783024597,-0.3002377688313489
1.370721678865845,-0.7335886734039979
-1.2577453419858022,-0.5717127653778932
-0.12729270367692402,0.4111090150014425
-2.940208795198636,-0.6419918064355412
-0.11026430459937053,-0.8043979381687516
-1.9666771192604193,-0.2783240959124987
0.8717235455116126,-1.515157993988932
-1.691865241690914,-1.147908902993222
-1.1894625975219308,-0.9420888960421856
-2.3769328354761945,-0.08630634197201391
1.6008828073090395,-0.17973914615445913
0.022842156732949093,0.7374680036240655
-0.0548417132819039,-0.6000254387422758
1.2909833444746615,1.4969716131715023
1.585320307481862,0.6167416223385254
-1.959340920096007,0.6807484944181883
-1.8289845093318435,-1.2577165987696945
0.5185332005829664,-0.004545344467342366
-1.2209172531161347,-0.1482004852327108
-1.4360860441640058,-0.48736557919715795
-1.4222997639628745,-0.8522393721091935
0.3564128230711714,-0.11732696506676227
-0.5164571473705521,1.5466714740044551
-1.3563493205043984,-0.002204378828216891
3.4126327242676955,0.14683114919078621
-1.348144600871822,-1.6176263276434735
-3.4208434392758145,0.0700691168589509
1.7215467011636614,-1.1100039763067926
1.8668691322658473,-1.9119386036886281
2.2562572694688043,-0.38276101717095184
0.8261100776034791,0.8546803805831928
-1.492477696966286,1.0829457733927181
1.3033610010901429,-0.9324142820369029
1.0713544459612754,-0.8268799416839913
4.049909647647203,-0.1468324172571509
-1.3786011634559134,-0.330534522420745
0.6038241343770308,-1.0146953962951974
1.444349858093803,1.009181223853509
0.0846824653822158,-1.6769574345259055
-1.461147143365737,0.7374839404363821
1.3452445593925466,1.857570139461708
2.5888268462259694,-0.8189410769433576
-3.3335114762907567,-0.5201821982460021
-0.44838239025114923,0.4825782117441646
-0.8789243219102181,-0.6332005008545039
-1.324675106550674,0.9178946904445262
2.401250722319218,-0.3439151138903154
0.6472720937153698,1.2486353301513244
0.9664442479018378,-0.15855530091062625
0.4526085749946449,2.4065076214172025
-1.6688886668959846,-1.4481520948050992
1.033499924651847,1.4442823335619916
0.7038081535308987,-0.2837855614832694
-0.7973034666184633,-0.913916650859007
3.0047805014735447,-0.8868664059385437
-0.3130710806912482,0.5945265887651753
0.6390251771647595,1.1291388190682237
-2.587243678007741,-0.991576162988611
-2.504492781014581,-1.8935639725212583
1.4441516069620657,-2.0896659823014447
-3.149189195365296,0.5345291484322001
0.39090585334522565,0.3043183787980588
0.08349087272083278,-1.579144443809629
0.11708448763746127,0.33239155621267286
1.6739627974566194,0.3129952397908373
0.5555519390212762,-0.1777292054553844
0.008655051530677138,0.1485987071808889
0.6876146293646306,0.49047670556025247
1.7658449993569825,1.1906679322461748
-0.5706225273240948,-0.12319076947632313
-0.7170641926148678,-0.2835797146259274
0.666315143632811,-3.900777823773183e-5
0.21100763667247335,-0.25449117520476494
-3.45154610559951,0.1840969679407434
-3.3732802489760227,-0.7313910974808364
-0.27764367122380706,-2.95043452003525
-0.1965554898734787,0.2572354378514157
-0.6344960250883007,-0.12860547588858573
1.6663970068958012,0.35859792559608494
0.8991097900587532,-1.029220523640777
-0.10428922560800213,-0.5568570326886703
-1.0059932838652759,-2.2222178517813242
0.815394879413557,0.23577245143541736
3.389818267205005,0.3986298764967461
0.8280466610747439,0.8345969814957875
0.1624523847778634,1.2302979566034848
-1.7722530079901837,-0.36755365505968907
-0.8987714458597877,-0.5270937870864232
-1.692922697033001,0.31299272856153554
2.849921779396456,1.343082515075401
-0.6309518514416239,-1.625749678536181
1.1806767684461539,0.6798137295517008
-1.6485499121830467,1.694091821307661
3.4619954541564892,0.12585664829018187
-0.23860054675093778,-0.12245308373407593
-3.674906874960002,-0.3842119679647909
-2.836163625044464,1.9700022333659208
-0.9913150648397278,0.12581848199533774
1.8141868426531835,1.0936782089564576
0.7943556287125628,0.5455776326203363
1.6609319740261332,0.2700241488784406
-1.8333334425567975,0.24169244448274407
-0.03892008338328079,-0.9396207444154241
3.9550100625183235,-0.3407176380248632
0.7368621600268277,0.0015884843246974922
0.44186465327003965,-0.312065489115706
-0.7321794201170126,0.29116089874446427
3.109816154675441,0.09666819110664199
-0.7013545298070039,-1.3420650914789207
-1.9418127078452616,-0.3902986724042511
1.0403721876749366,-1.3485705080018984
-0.5237498333365074,-1.1354893913384134
-1.4489338667025455,-0.3055302337633412
0.34938519198545626,0.515467853330287
1.529807617393974,0.8625667151077084
0.8556340439030925,0.4066411899275098
-1.2026147359878063,-1.2939818339091254
-1.5907519045085143,-0.2513972709764999
0.06776277672418285,-1.6200571119792562
-0.3181188769581009,0.2826231078753465
-2.4417568037473325,-2.800472415492557
0.09520220150094483,1.680368051625454
-0.7065724205643464,-1.1592207863660853
0.6502281589267351,-0.09071264169638438
0.5978685883583741,-0.7063267465106005
-0.2847503636939468,0.3733143437714026
0.5901610451510542,-0.32572129959432955
-0.7108989651992963,0.9169195014175902
-1.140086517784114,1.6616455188821466
1.9575973557900168,-0.3644369147855255
-1.3963409377145655,0.8281063415736329
1.048959198368582,1.0750832275057487
-0.5004208189101549,-1.6089469202541422
2.6302941838529565,-0.6564640862817186
1.8913564829582654,-0.5751221662682986
-1.2367649779426375,0.4021939217584545
-0.795130130281744,-0.08764523835146998
-1.1228304323150593,-0.06641132980390085
-1.501922354643042,0.2744339888903932
-1.4171472398236125,-0.39535518180399476
-1.638591382652216,-1.7501653387788756
-0.35901699568831535,-0.06852069780926462
-3.517228024453382,0.12557538252196004
1.8086989334172223,1.1134074327497667
0.00137304070018196,-2.409441459079317
1.3858116962339095,-0.5942282743763008
-1.618145930442582,2.6077453683101117
-2.1901540810944926,-0.678701432243867
-1.1801010821992397,1.1157370020903454
-1.0733182148205058,-0.5566279675050998
-1.9061957610484366,1.485681477432072
-0.6059939922646773,-0.7279243178137172
2.3743576163621363,0.5836610733751155
2.0915661637410037,1.0374976085975947
-0.7596279035455429,-1.4119469623443912
-1.0538667109484479,0.47999170277358255
-0.275029194620374,0.8716907885331718
-1.3494691846840383,-1.5859380416816098
0.9990761547880709,0.06033924990497497
0.4373786139650129,-0.8535429184068454
-3.3644275208773236,0.6180918560686303
-0.21479063620986594,-0.26659883677628715
-0.886276713872379,1.289087509792858
-3.514234119685356,-0.8957546970365484
-0.16645654312102964,-1.1379394041143125
-2.4479339269180045,1.1335692269154356
-2.9540783394740258,0.7869590709715247
-1.4705475518817153,-0.2736938244089825
-2.019509645530549,0.02095041357300842
-4.052940223031609,0.6825833806772639
-1.4230640091391988,-1.3477206053740969
-1.3095030350514318,0.09665856271026574
1.0356228291088074,0.32955793588848264
2.1809780172295494,0.6857794188335147
-0.17919068181255948,0.5002628213936728
-2.3074063824525597,-1.0164547434866027
2.4571225926305056,1.1642697718710178
-0.6946396827426984,0.9167364455304499
-0.055128398561235414,0.24199022485840882
-3.415870448287865,-0.9783451397144309
1.7551337253483301,0.7293200252489548
0.7762078427849088,0.8059630295314927
-1.2672458482685154,0.28953341057411086
-0.9353610970584953,0.07241608419765962
-2.4463351582619772,1.433828564615644
-1.9840674905765088,0.5290172458949677
2.7136128745529486,-0.17849662308632375
-0.28201916515584946,-1.043450249239796
-0.34097187349376146,-1.4288666916173438
2.6112593129049357,-0.41931934430818496
-3.5464030202054344,-0.10287905844100553
0.48284002838295104,-1.2737662279127684
-1.3802120674812857,-0.41731859951549916
-1.2397495736823427,-0.8732281228112175
-0.10923756229241643,-0.04516953136168844
-1.1310871612728581,-0.4336535514401339
1.6198745328471666,1.4051061092215307
0.9142836516629718,-0.42507711899453715
-0.5539012159192076,0.7479678787420647
-0.5148545497755483,-0.7028980092367024
0.3266074730420585,-0.6041815457238455
-0.3389304557481525,1.071745044377163
-0.5680399855423195,0.4085119271839548
-0.9008585072912569,-0.0013289656641258807
1.0158075015490846,1.878665337223838
1.5693240762712972,-0.8291020852521509
0.29550406479017743,0.5354871818583471
-1.3900112765884007,0.02834166693289239
-0.4617712675201915,0.60079268503666206
-0.9155839446069063,-2.43801729756534
-0.34915584426132007,-0.3157837963309845
-0.701950137114868,-0.5355936988380109
2.592789164897241,-0.319961929340485
2.7128105318633153,2.124318912044421
-1.9689160924012463,0.08076127373525904
-0.6909328184576822,0.6702177079850636
-0.7632902230661438,1.1293031564486355
1.9487823172172147,0.04454769962158267
-5.360646092624013,-0.36776171023943716
1.5661497307148635,-1.0122613122447248
0.9895734046831159,0.8054069869623279
0.49386998454477915,0.3357512471516342
-0.5207500274093424,0.6834681722254408
-0.6761474512864085,0.7646783370139932
-0.8296685939342221,-0.5651684957284964
-3.0056350489983457,0.7177397140603933
-1.9511131667532675,-0.23459786802721855
4.403429112810634,0.017818506622178362
1.7360248302489136,0.5013653629298543
-1.6994690097305956,0.6996892168373822
-1.1762280252873585,-0.6307908137914943
1.3420377643928187,-1.4105081847111416
0.39049897752009954,-0.22662249966538417
-2.181701272399598,-1.0615241702005815
0.8159458391008902,0.35953505848320677
0.7529232791040013,-0.14506441755327598
0.24466518781698987,0.8790787018955105
-0.8535919910311138,-2.0789218728288064
1.2755465746982904,-0.30150782444164653
-0.4376273642319557,1.1649655612212522
-0.18085230343782843,-0.9582200730607711
2.467596984510826,0.4932035376064384
2.173324197322864,0.43561430243792865
-0.7062980754743937,0.0030489516829740326
0.5324706380793431,-0.3330000773062104
-1.298153793257001,-0.5905420578170792
-1.2241194986017083,0.6876304099883065
-0.2831958084397681,-0.16538219240286006
-0.8025633670693515,-2.102671100757199
-0.6483671078628972,-0.13384083599515817
1.9916641149566519,0.27739401720159995
0.9885875637989485,1.6484830314818433
0.07889833345334374,-0.12081877188039238
3.2074064028154163,0.0484112312083016
-0.0640147033349594,-0.0488758399017709
1.188612065033464,-1.1444753243279682
0.391797530260134,-0.04411438253056482
-0.9738482187120843,0.5458298866327698
-0.91002171696028,-0.30165603009137415
0.18888366562738623,0.08549954626761613
-0.3897345670373369,-0.29024867112976704
-0.8271696446176375,-0.8187470757710061
-1.3800455980652742,3.016479274783639
-1.5735571239613662,-1.4159178222593076
-2.7402295562605303,0.9904054287628103
1.5778062878749655,-0.005202915612596115
-1.1206188122245289,-2.2657180281830813
-2.5541681956478737,1.6231586389126431
1.022053482442737,0.3073675934259993
-1.846604928790021,-1.3128340525115345
0.6753451445162308,0.4842625385236401
0.8535301367186556,-0.7135695701165642
0.18935702151625255,-1.210817554202046
-0.7738649389106498,-0.868609396902367
3.2544326697518975,0.06048031315156582
0.3301585290721203,-0.3035267782270021
-0.7336828529381032,-0.24823775669555914
0.366828821188697,-0.6747942878752571
0.28379716915193143,-0.21136737114543097
-1.9290297878118192,-0.5559307883628928
0.047404048832895285,-0.7317611552073541
-1.1398210878247212,0.683341779476918
2.046648642603147,0.2047615331786668
0.5224176070251012,0.26599657599873017
-1.082866433128033,0.3157593861471129
-2.3007597862088147,-0.12577310481285264
-1.8315295502804472,0.1633331405539151
2.052846543283941,0.0723532559881862
-0.9096693353595366,0.5864044559016318
-0.8866948665527215,0.49639266764012485
1.3945360565364018,-0.24003499397395256
0.6041848985798444,0.34110298095683733
-1.0312045595409494,1.6122934703835394
1.3204723009539823,-0.2374782701255317
0.9704587873573027,0.07710596444004941
0.1571043784524142,1.0280279936104704
-1.237589100440677,0.09624964430075936
0.4938614111000148,-0.6091283420987715
-0.25067950313428744,-0.7146076463367312
-4.1099537523678435,0.4461525193500502
-0.2203644256345676,-0.643147632964058
-1.6052894289577013,0.7730564606839672
1.3333696229019245,1.1068588647323674
-1.0183692950301864,-0.611897632875493
2.1447456871259987,-0.28936683982369116
-3.6808435081634836,-0.8293797771339222
-2.4273142426575633,0.3608941791846607
1.9246687479839588,0.9285308470291035
-1.9342412280266101,0.021207607723118138
-0.3278275569161031,0.828598140575755
0.5359856602833264,0.5691612410525495
0.8753566754182831,0.20171816806171933
1.1257009371347033,0.43638872083771185
0.8764784865941277,-0.4242240007362852
-0.9025008525810221,-0.35103212401627504
0.28022619971614926,0.29733122698971604
-1.7648939729021969,0.07279567324563518
1.1240497017712565,0.96065215682042715
-3.05735117609382,-0.3234665539947844
-2.630623202382504,0.8734176682029565
1.2578783795222512,0.46481139055451814
1.825009652026627,-0.03665744107726965
-0.7811482642244285,-0.4053814180070489
-0.7146276748529363,-0.5413365766052818
0.9644241431783591,-1.492192701828344
1.7643866376503108,0.8330931078519386
0.20920737475532158,-0.5314689842942074
1.831114944392926,-0.9896277193208595
-0.3853408547139243,0.020337921587797902
2.1065249157559274,-0.25089456070715926
2.2527730767389573,0.4825505384323021
-2.0185749358321914,-0.7301841276139471
1.2805034984793306,1.2270430894011315
1.4864730735799672,-1.2453736851420891
-1.3132088609218464,-0.5858653505691246
1.2676112625389262,0.8485483646498696
2.278918353545455,-0.8304345525895359
-0.4595757912205607,-1.3657785657142578
-1.0468608234094772,0.9750088995561076
-0.5436263411023077,0.34264704107549737
-0.29524020814373575,-0.4122091717803882
-0.7305353353865391,-0.3579074780845731
-2.858801272190754,0.08436190064047971
-1.9902584504767278,-0.7025045294880212
-0.2828131922059134,0.0922511846996264
-1.6075556325248002,-1.122169815530949
-0.7970451409949662,-1.4084066198239746
2.652800665105878,-0.8078174789999352
1.5917565962300335,-0.7957538004006228
-0.16024680466207109,0.19766095716214419
1.2479468868197392,-0.2141137583178725
1.3511478524543303,-0.9458145650162657
1.9694944883679284,1.4161890214869757
0.2787346225683658,0.2906772691105599
-1.0979624583552718,-1.5163115014081063
-0.38200391856538296,-1.934676850994622
2.933878920724102,1.3677446783938536
1.882304958578044,0.3446906163252573
1.8699249510185774,1.1583704079592099
-3.054684653198515,-0.8412134824603686
1.2432963730366442,-0.10795318289104894
-0.332056248663962,0.7404108394857306
-0.14280053206080234,-0.644766013960111
-1.0324929540333958,-0.3045549286676119
3.21886365398506,-0.9273411834938319
4.858051908662144,-0.021996952760313104
-1.4079176297116813,0.6330716753116946
0.06875616754302083,0.5769991610995391
-2.549149804350369,0.022255813252474582
1.1509840622270442,0.3433772570236618
-0.7584999239016046,1.6799655811051049
-0.995927461759178,-0.13791389835721796
-0.5897203283311465,1.0099416030270354
0.5616727393090137,1.0619464963994942
-0.8785245645455046,-0.6545333495642098
-0.7888331722704356,-2.111038460009145
-1.75729752130743,-0.9193512635682667
-1.7722351566274233,0.711182703435565
-1.5226543287587442,0.12573307419739987
0.1857863747544668,0.4197586221323448
0.6041393915426765,0.8476642507668657
1.3841506653994005,-0.47493762681045326
-0.1015181047266549,0.3793771356413282
0.06276046911619915,1.3259749251573014
-0.6952835677389428,0.5862344675827129
-2.281916450437876,-0.5077554849408717
2.6443144700039047,-0.9400833580994445
-2.6402656243873253,-0.3081083191983627
-2.453831024995541,-1.7721137013435322
0.4623017837087575,1.5503786988441761
2.158692229437539,0.2396307776424762
-0.44349651562264825,0.2290768874903269
-0.698840736429517,-0.17162326091552238
-0.4585299343722333,0.6830057235115566
-3.4814466035555434,-0.988933218399156
1.515375704824263,-1.7975229222578237
-0.9139583668320155,-0.6884629785127087
-0.9936154269352837,-0.2919202510039839
-1.1428705062741418,-0.18425478124490643
0.42303155785798063,-0.4324080493065344
-0.39406493441893176,-0.8597632524861569
2.4155925258598874,0.08184249489271354
-2.201022133558155,-0.19704941961259512
-2.491157160118724,-0.6004321264721573
0.9690776673322903,-0.3403633488130484
0.31310388962795876,-0.5930775499061739
-2.300160522529877,2.0113445412344726
1.6089514043181312,-0.3175732643566069
0.4015363308775055,-0.31360171981457596
-0.842109591412366,-0.36353790656122015
-0.2674059695115978,-0.0471306136149654
-2.807558239179846,0.17939456231637124
2.085859390819839,-1.9266238710110082
-1.1828570251133788,1.979435506399409
3.0453471431490917,-1.4278211201913185
2.3063079845814256,0.41228413255278196
2.5724277039347587,0.15649325771442538
-1.4265608239630558,0.038861826334862015
0.2394986971690054,-0.042425471066945025
-1.645817509768786,-0.5102214701953601
1.0846215885006938,1.7874767529133377
-0.41792430399185765,0.6283859479099381
-0.23788076883292808,0.7734219029299744
0.05531576495145174,0.008886469787206697
-0.05281063157398069,-0.8977701282215242
2.301309554038882,0.8681077549118363
-1.8557316224149996,0.41070456714675874
-0.5471481018732476,-0.6629254644253137
0.3249679148670741,1.6321200440092452
-2.8111297525897663,0.6036247192590751
0.8329225613585827,2.192389706325616
0.27239191944901187,0.9737438125462364
-0.9206128319192073,-0.18237268607455548
1.0662746692715537,0.7762191348575902
-0.3946084268362364,0.514992202005482
-0.35084321791301765,1.081659914115586
-1.8228316436420702,0.16184372140560488
0.6193779452646382,0.5624307494052213
0.32380944358795016,-0.8871205548179117
2.2708827009672676,-1.7569236933413457
-0.009955807917791493,-0.93636783295315
0.12741567567641576,0.367889565830653
-3.4557169491517277,-0.7073965630633765
-0.8762067159951226,1.7817104992531672
-1.7299187510934129,-1.8764227342876914
-1.5714976839088348,-0.7765324463998614
-0.016008389165082182,-0.6841531264662001
1.6788781796250043,1.1596535340509675
-1.5341036646853068,-1.1903613537542759
-0.0014221475326410271,0.02992216903969888
-0.6024194229668551,-2.149402252435345
-1.3136861615804127,1.703589271706437
0.32510121551628846,-1.1810950059365914
-0.36803099046530807,1.040900225571626
-2.704448531473905,-0.3057201105504004
1.440088429138938,0.9494387800550061
3.171741215932134,-0.6436650832075987
-1.9849218664992874,-0.24189422108460246
1.607980056520296,-1.2813817984553542
-1.6736729037906546,-0.6579643342278968
1.3365041349403972,1.3395880226091168
0.9925925999762018,0.32039876442820114
2.6719541827284936,0.09714916177290871
-0.9389748548930243,-0.09571076670442975
1.0972792488500702,2.23867197488861
0.18626310302252236,0.09810818650235222
3.318061396528985,0.5464124889479607
-1.9516678323442846,-2.023452354199508
0.9470296177721553,0.4920713004661935
1.4321937616194544,0.19482042897057839
3.0977589872223827,0.6247863694076763
-1.6442210014506724,-1.9400866747275667
2.7106060747932643,-1.1816510199734076
-3.5780120292451603,0.25784591774743326
2.769822654780731,1.7719530858708499
3.466792173345568,0.06584896034157739
1.5865992824255444,-1.691867103035912
-0.5637882408677362,1.6318129048819043
0.8455292513405865,0.8197779807711563
2.4791232649550357,0.6555933183757021
-1.58078209043101,0.7458757020439413
0.07871216982745644,0.5514303681887647
-1.381936687988115,0.19161191254048937
0.3192864230528456,1.2348689709531389
-3.703001777338355,0.17395546145115193
-1.4519783440819567,0.15934205551815506
2.6701944122582866,-0.3123451571802671
-0.8791292310098848,0.7557303317567008
0.7222205298779034,0.0919202704653832
-3.0187670019394317,-0.6285865375968791
-0.961678695818251,-0.7186625546038912
-1.4543296150945606,-0.8487272704681881
-2.1554440331716362,-0.9664571918609013
-0.2119501779549111,-1.115666114825742
-1.7645054265289728,0.9489372090474024
-2.127317036326971,-0.931637796912387
-0.29848941342321167,0.6063860352743462
2.121362020309248,2.5813329796166418
-1.5801980813654626,-0.7170441047587346
2.0412292576695537,0.2010223577547406
0.9414109940851376,0.9171007266482833
-3.2085771281374873,0.4728199792977046
-3.365196762402635,-1.0831500177654276
1.9938488512783143,0.08379327062674835
-3.0861753206049323,-0.9560832917127143
-0.4324310107555549,-0.38647277881348685
-2.4770977686681444,0.3983097655656473
-1.416608539314355,0.9306724369061804
1.0166940653904617,0.28761705122424475
1.109417217674281,-0.7845107574645047
-2.3031579661963284,-0.8173126858647163
0.8255792158207882,1.0365745900666146
-2.7208228209711507,1.5492157940070177
-0.8145739007348665,-0.938825335622612
-0.24231719530137896,0.4883172684803184
-0.546040309540293,-0.7272993773525767
-1.3058138390003098,0.42523414529563075
1.2223366496169747,1.5621849720941885
-2.3004497296381348,-0.277026508826703
-2.678837679070324,0.02223003410664115
-2.878776361302764,-0.010859316808822739
-1.6757237075841038,0.7643298613607106
-3.0029233929590746,-0.3980110253940887
1.622076899057209,-2.773068831104749
-2.4029905774806446,-0.07114238753509372
0.4961621215477976,-0.867145918185291
-0.6371413144163589,-0.6391337650997982
0.07892151626203958,-0.965314428877551
1.7195579442200621,1.3272257611896756
-1.0230394802615725,1.7501993333246384
-0.7900484546913162,0.4273126116403788
-1.4745303404866412,-0.9727127310375812
0.6753555478197644,0.6295710685961868
-1.6526055152442232,-0.23763250549738324
-0.23311953979696298,1.2894902385100766
0.7652470161195111,1.830527499972685
-2.2632473947276637,0.4064221179766051
0.336091928256133,-0.07494605549980066
-0.9083235486626653,-2.6408209508482927
-0.9093556705982864,0.06789283224673981
0.6360945776492368,1.166536215775999
0.3372138064931116,-1.0795119931347967
1.118451282338797,0.9516178639939884
-1.0776034140773558,-0.8593098329852189
0.22274824700930296,-0.9090114142138153
1.9618048391388179,-2.2953640605769747
1.1386232721230458,-0.4187279842703815
-1.0429285999069222,-0.6121827762620566
-2.8588308014006905,-0.17475113022224953
-0.3134913704463482,-0.38940062038311907
0.6586622242775091,-0.2977139561394708
-0.6012382667162992,0.9109835740991725
-0.12823401976972804,-1.0723607681467042
-3.4243995434372057,-0.5038544936402581
0.6928154007670395,0.21843442039464156
0.8459900761456742,0.9363584480424784
0.5981073806305943,1.9141747873515642
-1.3154426747574397,0.21774730709647894
-0.10792420385839208,0.5164833540614834
1.0249713609053566,0.35656013965217337
-0.014266923411006882,0.08017431822355758
-0.9466379723421148,-1.1150326130062698
3.9801347898525767,0.1360985727869155
1.041614008172314,0.3722514841529018
0.30272592086040184,2.1047877493557854
-1.0248322007237767,0.5270124420410501
1.9187968864301848,-1.7843880031460593
-2.2453009510749027,-0.23850805964288357
0.14334463320580504,-0.3080076991113024
1.1585212049719384,0.06521085526011028
-1.3891016263210543,-0.8034894081427236
0.5702908161446034,0.8686830585120582
-0.08372633093271808,1.1008685015924347
0.801159439000763,0.37864641435513935
0.4292807896835218,-0.4532795510092241
-0.6320674136095814,-0.9221279806608202
2.255257911946151,1.4036670961260063
-3.3479205058507757,-2.1471689628764494
-0.14630634967413458,-0.11483195783251787
2.3167543326856634,0.4930542194852606
-0.15324289306890426,0.07317483248725398
2.0505420219637203,0.19649488182644503
1.3557289094409954,0.8330952128645672
1.3798325838952228,0.41595904462061695
0.6555020540833425,0.019961191265546296
1.567034225323404,-0.5686594192641056
0.481979513410314,1.1829940477896623
-2.1305693468125435,0.33141762333939784
-0.009655384339342099,0.08347626678864228
1.6932220780965208,-0.20991484596360782
1.7079047383109387,0.36946785044951974
0.22124997738719898,0.16823303169630555
-0.6131817593341218,0.5717060672486758
-2.505040066563532,-1.867527449334363
-0.7144586989205828,0.7497029939921789
-0.4219974734964653,1.1381019115936877
0.52917025048587,-1.2916150203662893
-2.353204572396012,-0.34900887246111206
-0.5701246849599038,0.5072512076178064
-1.6193581410751088,0.6364541726274178
2.3079434304168136,0.40502129564332956
-1.7484676280872127,0.26809713338076
0.3049941232030755,-1.085666550448706
0.025203280763549607,-0.31438029502375686
2.2784470207546828,-0.1427492320409875
-2.5547497348028374,0.21889765774978281
1.8538475054424564,0.5664809217192779
0.44739097686623364,-1.2281602763660668
-1.5324927738537992,-0.9136574451581632
1.0205790455561097,0.7884196017057359
0.20109080620723407,0.04706374413914183
-1.9143345285451403,-0.026277085944989828
2.7612267809867648,-2.1722526939390137
-2.653891309101399,-1.4268107989596448
-1.9796305340344964,-0.9805654746405212
0.32989940667203665,0.5779512992430027
1.22201793280012,-0.29337921299255343
-3.33513746853887,-0.3649642118295343
-1.934638257200299,0.001725152743085212
-0.35769447012815725,-0.84897130894147
-2.661710203865057,-0.38619212816795595
-0.22728547969517576,-2.3212187736319017
-1.0256191549772815,1.0943496896329583
0.6033652632711695,1.0221319905257487
0.9241764886845627,-0.5799387214503046
-0.8682938759861618,-0.34470988571784145
0.09423551070790381,-1.5285256654125146
0.554510955317923,0.278123199524209
-2.3676436762392514,0.1345696799863102
1.2616241165926532,0.8368864974244123
1.5414033384712678,0.8326268899935483
-0.16880660435587158,0.9485858300323131
2.318116579786967,1.0116898510106354
-0.9258575032305436,0.1874834576241407
-0.7430117372027194,-0.3670249880775363
1.389121607668557,-0.7029537051774232
1.7642830034636683,-0.2896396930895336
1.7837496845170129,0.4268943274857787
0.2196099569096268,0.16494874582161034
-0.1760805024185803,-0.013582626638381057
0.50856389148045,0.15739175906701164
-1.8356621415103982,0.4273250408682952
-1.220300869650321,-1.2238787852566926
0.10060702471636906,1.2605765363778825
2.638591827079353,0.2198455577714389
-0.8789300643640408,1.1984155032677557
1.2819454487139579,-0.6953059803714847
-0.7540808083874158,0.06590666891781932
0.42042576841686774,1.3131155317891192
-3.017719928757029,-0.9567449497986943
1.5387508260677265,-0.7445473736574653
-0.5347468913325408,0.3700715788730427
-0.48388964611680363,-0.13455349493339375
-2.9381071760815387,0.06531953376597133
-2.3666575192285966,-0.6858947751327642
-3.1874676216598674,0.1506977930507373
2.782282992698804,0.1291266645226984
0.46572868335245765,-0.7161075105115752
-0.8437120185358546,0.6837391228128143
1.13853919278808,1.4072559211617004
-0.2495323195185981,-0.305548489594593
1.6987863156806289,-0.2401297632205226
-0.27370264487969465,-0.5890748954326231
-0.3256321496504846,-0.3691653531190753
-1.0195297125683078,-2.965684283150401
-1.026712544377094,0.9140735054284794
-2.7858620965814245,0.020427893062760494
2.0529281321386903,1.392602556473557
-0.6063634170941778,-1.0249575715933399
-0.2217749865525862,0.6975995690115349
-0.0633131320433562,-1.1632982278968929
-2.713388445501111,-0.13824245445334038
-1.8867439648746434,-0.8903012587468673
-0.5480081666895935,0.1907294658115043
-0.09865823223735948,0.3192629040442454
-0.30065347829922784,0.3069332690139695
-2.9090245588099237,0.5820457402232174
-0.7373616338638538,1.028970133642264
-0.5558335765101887,-0.8350631743217163
-0.8777713246980636,1.4909301062403058
-1.9126410111393,-0.44253387811656153
0.053766762842759164,-0.7942309429355981
2.695617860949228,-1.086950650207479
-1.2887223332988058,-0.8508693182662134
2.6492550724953237,0.46111888743464413
2.6883855752829318,0.6135981886380478
2.503207406927591,0.4105362173374884
-1.7398230134633512,-1.0116573591586817
-1.7364328586259303,0.5279356328255806
-2.9178652809529977,-0.7732300766854269
-2.8214199024009323,-0.8341151169850265
-1.9794613307117999,0.5044015069348213
-2.8682463880070386,-0.3803333678160595
-2.083650307910667,-0.6665864352869546
-1.8890166172915732,-0.17633680736360974
1.248498638969389,0.9790550656030743
-0.21341594868315417,-1.4594005598351136
2.2653994865089224,-1.184090778155836
4.219613517999137,0.6080181113299544
0.22266512277556672,0.3961126865943713
-1.138614818952143,-0.5876771657195548
-0.2819832983506281,1.6545529458750656
-0.8019681658372773,-1.1746220594341197
1.0168035962229398,0.012791762191343009
-1.1048959308310717,-1.132349698438357
-0.2540940943732042,-0.924413902078875
-2.097041824251844,1.5643962943905847
-0.6397606219987391,-1.404298462025082
-0.15208829894517129,0.044461181422409624
-0.8957086282061244,-0.016896208903349752
0.8395775756750177,0.6299229433978518
1.8542419171256732,0.7162912118447518
1.723113700860976,2.8983454638340582
0.7359468608576658,0.989686653612633
3.1958338054641944,2.563105728183821
-1.8674876943383736,0.593547646650445
-2.063534691645285,1.6714410950114416
-1.0610253264159586,-0.9528971342742397
0.3339086173816903,-0.3811611152143507
0.10520961877397417,-0.9325814187031614
0.8090100504800004,-0.5158112248570474
1.9261069973339087,-0.9621638500839681
-0.7059855473837122,-1.57050913173543
-0.5000785256721172,0.40655608257601095
-1.6666850802605042,-1.3591192271861694
-1.2068684413908755,0.875143531867248
0.6022932232324476,0.7029182326200483
0.6445726089580703,-0.6290673520581618
-2.557217808593019,1.4740036034042228
1.0697491979803384,1.590361472641832
1.2145395807060062,0.7718148312399626
-0.9011867446678368,-0.3028559740805761
2.5446853751220697,0.08962553292450473
-2.3833344946631385,-1.4859568223028363
0.5980108872975913,-0.8065638295615785
0.036542780836383404,0.402873009686922
0.5694180256179107,0.15393826744619865
0.3542932749094234,-0.7250310773132167
-3.5363286217108616,2.30547900744671
-0.5891106841070606,-1.2144531646435084
-2.086479139592166,-1.872045641035305
-1.1952194266954903,-0.17057573214260258
0.997483419284352,-1.6830625383513342
-1.831331292165867,0.7427557349689241
1.3924664926777506,0.10711213441441625
2.297738248363032,-0.07413142407021173
0.4866963399655173,0.028370923171613827
3.3709796276676425,0.4431009370835421
-1.023545038870747,1.5307849308910155
-0.5118335925868411,0.00418325705559737
0.877492960299247,-1.162128610526941
1.6085452837785605,0.38871027085347987
-1.365933646164616,0.5519962341750928
-2.263128129837432,1.8649855686446675
-2.1003376671552543,-1.5392631419214324
-2.922061186186635,-0.5456894931626739
-4.356327632705982,0.8859940170707974
-0.5240643133262064,-1.5203310410099327
-1.185005530408528,0.4034777099330963
-2.1725724881122743,-1.0214413159120972
-2.492805826272075,0.8448582046287435
-1.6852171616440668,-0.004998509188160347
1.0009481880332958,1.5448679152031033
-1.2025599883421672,-0.30762750159775776
1.3179380935652811,-0.30073228061204943
-1.150939671047639,1.5032424200212242
-0.22231395076891758,0.003766912595424665
-4.3537704162507245,-0.8846878964540275
0.7572538902020058,-0.6140683194869316
1.611505115421466,1.2195211302264508
1.8531998035836583,0.12493311828779094
-0.7329208435008003,-1.5666248944201113
-0.5994109368295943,-0.7785845578101267
-0.2947620696904538,-1.1182113057883223
0.04169657484103162,0.46954790918134437
-0.039340674751063176,-0.8355068606386924
0.6647315151200672,0.23874008681381853
1.7598304932885034,0.08278006766015922
-1.3417483758537956,0.47484784234020927
0.8882151003011494,1.7327893301092223
-1.326388310654126,0.14914892583962688
4.479845159915277,0.6692592147003656
0.6289846999922291,1.0792162613218337
-0.8019083170731376,-1.412488874843141
-0.729408711678122,-0.010027121414926066
-2.2271655824683974,-0.6982414761989761
1.2683684896867131,-0.03851684515133502
-0.9603591023838702,-0.35641276810486777
-1.3479997143914142,0.0677357248854657
-2.3944328624153037,-0.9421325512814624
1.3857558724463956,0.16153871737425152
-1.3594095513820434,-1.4818588178618333
1.1771267296418473,-0.2237084382433962
1.162803590119878,0.44029325351256626
-1.2325194243919335,-0.5707127915917973
0.9282619479252006,-1.2917460531784202
-3.6900388438528955,0.5721229137554161
-0.26414356456869825,-0.7227500979746997
-1.4546894510264319,-0.7239582369873212
-2.705818490492241,-0.7434719925316483
0.7909608298675415,-0.11970990086894961
-1.3026748966708697,-0.7893041245720352
-2.4938399504275717,0.7417325283077687
-0.2411437520088171,-0.373669409702703
2.284910218639414,-0.5775079754062282
1.139404104248198,-0.8765957096284956
-3.1538805539125536,-0.2317632152120102
-2.9812778555184636,-0.6588155738645007
1.1624256532230706,0.6297141720803877
0.20095067825420454,1.2525980910019332
-3.2587388583789343,0.11860307781445578
-0.9521157484803786,0.958737332828286
-0.7195481028466162,0.25978629660099717
0.9708915443990311,-0.4055166108683921
3.571604621985845,0.11892714342645316
-0.3780920303688564,1.0994968835259107
-2.7917929632699003,-0.6166044934399378
2.2203058692463977,-0.6529183591992366
2.0717409618305394,-0.5606881258917594
-1.2689295550376793,0.4685316348597991
-0.5903232684268902,-1.2493855053787173
-1.8458932881955423,-0.32941708899577526
-2.005200088845581,1.0160453420865336
-0.055640546744572195,-1.2654058258385859
-1.6761621740797308,-2.3981247610378436
2.9261115469983516,0.259320768764839
-0.36884887518662035,0.47069623611532696
0.7219507693279548,-0.5879795209284298
1.994322766536281,-0.9321149135749183
-0.39261926045956264,0.9114668256585744
-0.439573456615284,-0.7209596256030916
2.8315858020284574,1.5472238352937453
-5.164337189155357,0.2768438817115789
1.1695757093137535,-1.0423457680577224
-0.6837347517327439,-0.04073977240616883
1.7097156411219085,-0.09880071535276996
0.7589843207166949,-0.07942896753153028
1.2051771798113986,-0.9929302361670762
-0.010876260050200148,0.5704228167939205
-1.2518651473319733,-1.3792137023691042
-0.9859621575993582,2.246400569181638
1.7371849457236328,1.1643937317253472
-1.0221230993499537,0.2366727125592824
1.0807791591746811,0.20843964824079547
2.4469016174973834,-0.58046746230927
2.2046448084603107,-1.005900100895058
0.8451522929208246,0.017533366931609562
-0.6519302072819522,-0.6968815516966433
0.9014377845604584,0.8530488761173015
-1.3160718705451622,-0.03741329433958518
3.3928989340636777,1.1297563853846229
0.2385404259185373,0.3326320724944026
-1.0496620454628194,1.0344656855603833
1.148319818256808,-0.6355891339461044
-0.591021398993361,0.5512910969628968
-0.08245486638106225,0.8547137872570161
2.716150843819383,0.9756520455864168
-0.852245645956762,1.3280567003130652
1.3255967844991239,0.433152791269867
-1.6769836607120947,0.22025197090317555
-2.2315069801370493,-0.9060641712568935
-0.006961071093470217,0.328334739626836
-2.641373866169287,-0.3270957296333425
0.9434269249069134,1.2937208340371613
2.1473940905499163,-0.2005666692935678
-1.183816348545927,-1.084339620524077
-2.487535030084868,-0.5593319892995572
1.009077594777673,0.9931804876273307
0.5028880128386941,0.2433295570117277
-2.0349886416621534,-0.6258911498847859
-2.192084907210191,-0.29975479226319257
0.1836043760042001,0.3802938178644736
1.879477660553822,0.36276675313730516
0.8347065228215715,0.3180475919564279
1.5102351246933146,1.545335628599356
1.1379645746176403,1.2241667016596
0.8391203917173797,-0.5132765497639338
-0.10114192769571018,-0.16677376521937134
2.1276970123498864,1.6825954557055902
0.15439004445371118,-0.5232816658254192
-0.9761498195272571,-0.32964248905376603
1.5785594778650411,-0.1894580125993347
1.323389997525843,0.3125042119808902
1.4352196558556898,-0.776012338758621
-0.007435252239744727,0.9635107821243927
-0.9108520523362147,0.17420224767867154
0.9268492581110768,1.1239958631833737
-1.2128750169137898,-0.1038809941212703
-1.554168071874847,1.3519450871061016
-1.5091234381036314,1.3887037673517861
0.6319141514464066,-0.043824430749281884
-2.5959491779008523,0.2262948679535401
0.06411921525969433,2.014316629496651
-0.8878362050895485,0.7988899797460022
0.1157923070883431,-2.342583131560848
-0.9159952434909844,-0.052488584813452976
-0.6703624806403938,-1.7454495805342978
1.6112757841281997,1.6883538819247979
2.2455404171987166,0.5603915598466794
-3.6633476130649347,-0.3191238303650837
-1.0652174916565418,-1.29691270571206
1.3281284603240677,-1.0087651741898747
-0.6632904874705314,-0.2040725547536568
-0.16331696739895696,-0.09055385801910232
-0.6037357897952078,0.8283663571833653
-1.9454677130346587,-1.4342848032468718
-1.02370436127468,-0.25375672218476675
3.0352353382390267,-0.04382473597248293
-1.1040978631775165,2.472127328856816
-0.7175541875954794,0.8076380018785994
4.67865715335465,0.7196002244919681
-1.2479968218036017,-1.026752268693499
0.60841016479465,-0.3724584858373358
0.6178933572035694,0.28587533109096785
-0.2825484294952747,0.21487966930098773
2.401721208830833,-0.7783820584954044
-2.1362369757691697,0.6214992357416189
-3.691027510737613,0.4075470196060359
-0.5383491466810018,-0.5420667462888078
-1.120464154114897,-0.5155005082562022
-1.2143917106809812,-0.5366985359522657
1.0763634875029617,-0.051131822030596394
-1.637636426160649,-1.4179857304805812
1.677362564113607,0.6704383226450212
-3.3903776174987588,-0.5796432520007347
1.0970901276388991,-0.21466668424183216
0.23029580451634457,0.5336592474637368
3.0170841771697474,-0.17890721222490208
-0.5187862212548104,0.2915688099622934
2.24943996337581,0.10811999486280496
0.3269740886565713,0.381698892384295
4.152426926376763,-1.051450331445531
-2.384711790052583,1.6422642272121442
-1.0185257013600748,0.32863605911156
0.19735582183448175,-0.7020107314112456
3.5759917332051967,-0.14632489346396893
-0.33026618469680313,0.8066454029911891
-0.5054368984869577,-0.5119589659435639
-0.7410409586099709,-1.7343413852489302
-2.2894882455027075,-1.7926979411737183
0.5732727516469174,0.9115042993840923
-1.2515421344378028,0.46506888683995745
-0.12755045780253838,-1.2597976012528336
-0.23984842209279655,1.273863240684736
-0.6613779343490478,0.497302418058449
3.5912156542432365,-0.5606214598870288
-2.7190973488286354,-1.7452691774333409
-3.5124306985388216,0.41929569095532065
-0.7439948011603601,0.028654634025908732
1.4516024072727243,-1.9371828264766977
-0.8929935528423885,0.6117879528288545
-2.985664672996041,2.017691287329841
-0.581109973289208,0.7057318556690937
-2.7980007119370267,-0.2890026173102429
-0.11956052093809344,0.05678919603773619
