vb_fm_mf,physstr_mf_fm
1.7353841569013908,2.008426388440103
4.147496529517294,1.3070126973848453
0.15315301862309205,1.4431223264707356
-1.7845132586459855,1.2205948567926521
-2.906299544437463,0.5049849019791768
-1.5234725697001807,-1.6802157926605992
0.4256368831213777,0.6190930921717734
1.1302200181389717,-0.2923943863491847
2.3116372106684375,-0.4592063473493969
3.1127265857376174,-0.2431273399625845
-2.7522544358816994,0.8873818582192482
-3.1712060619611777,-0.2381366397844844
-0.05560673997418819,1.0711424864763253
2.7573112645292093,0.5434485987241136
-2.4789418053082466,-1.8922977813703952
-2.2560960915101624,-0.18633792680708755
0.48889791409939987,0.23155534817984713
0.603407868279747,1.1238765415155405
-1.2698971949971716,-0.5938910769323626
-2.107808638097884,-0.6045530117235903
-2.34688951752128,0.45510967092350874
-3.107061133106379,2.061703671570743
0.04235615992645725,0.45571195453274443
-0.5507864350106102,-0.5509825359546235
-1.436533754768504,-1.3310426994496998
0.2676095760927355,0.7479623766430521
-3.3032625333511305,0.42250161700043987
1.6113982979108485,-0.23237761074535085
3.5389556429014593,-1.256836671181674
-1.0071203599888485,-0.6508048701903931
0.5771307646652231,2.2413627039704127
1.6775091306994776,-1.7569863566039707
-0.11470163451767412,-0.1951568480526057
0.6983504328269028,1.366183862805963
-4.5116982299567505,3.3080876895255598
3.1929354073629375,1.623883561801486
2.1591604688849655,1.923367429154991
0.4790126124037686,-0.6704593229659841
-2.386479830341485,0.152103417932338
-1.0091847013713222,-0.5304557822042882
3.049810711679365,1.550268763123024
0.2718805456794313,-0.18362793133580113
3.087088346399899,-0.7101001157248139
1.66829019951204,-1.244918855081185
-2.3405096195869004,0.9498081107123199
-1.537663702235529,0.3160101312679364
-0.7187507118220235,-0.5535358195783644
0.38106076980378445,-1.3391415936139797
-2.2332953573855794,-1.8889155177835881
-0.731601244672972,-0.9366725865884941
1.1081540812860666,0.06451429638418149
0.9130616645755247,1.528577224662619
-1.5531571806101843,0.5796389520908467
0.5845200509936865,-0.3159324336155761
1.2944746465805617,-0.16551588963009956
-2.5251527188461025,-0.8907035421343599
-1.2697419263284422,0.9711033384362384
0.2560126146270387,-0.4484363744582255
-1.4502789428402236,0.25695576473303555
2.6528220768242177,1.3558888430636504
-0.19424254288714504,-1.010897392404606
-2.2526348010057395,0.8535013165312728
0.1675961092083993,0.5515530646988374
-0.07898376322570266,0.2621402405195986
-1.3832003530128603,0.7124207071592483
2.491827936719606,-0.8089211173968377
0.23814953818895468,-0.7078532110162952
0.6120888175441341,2.0950620622752654
-2.0895775344796923,-1.0319773792668623
-0.2726446019976927,0.5082369141144165
-2.4753797712375727,0.3300899465559015
0.3222901732796175,1.4540282505347775
0.04187437286335571,-0.4086220607916257
-2.237175468293312,0.8033550414315882
1.944900114524609,-1.4325437495019755
-0.028927859832970082,0.5776566469513861
0.574183889230754,1.5994561132292195
-1.284720994193647,0.5673195787927983
0.0236036067998473,1.421746739381667
2.516889666041514,1.0960296679183297
-1.180514649627971,1.6541331310745633
2.853893182815128,0.01239145160365518
-1.0225595130825984,-0.8132823044504307
0.42468572381604375,-0.6365996458782873
3.163636583217727,0.5352577382008803
0.5123637205340006,0.6777404066702273
-1.2904580660761389,-1.1704116862304716
-1.9389807364093654,-1.3390628283820232
1.9692174353972267,-0.3953276749675881
-2.1358686589911278,-1.4912004939734271
-1.8641666198471458,0.21480452065126587
1.3035012509908266,-0.34919775925580065
-0.3072621435764078,0.4052758959640046
2.312735665319203,-0.303715609694129
-0.9773409525974381,0.7788254885898318
0.7178163423775543,0.546763156151119
-0.8944404199409108,-0.4426935644549717
2.739521808816437,-0.3238127705788969
-1.11537643722155,2.341617566773678
-2.7237205272534233,-0.5854353573787208
0.25303885810749094,-0.1266618003225647
-4.100549858821087,0.6308777129691782
1.6179530103943724,-0.2103084920087983
-0.4391303017475039,-0.4268510259384422
0.007893915721203015,0.6409657616450766
-2.9120172917541627,-0.12022495111859877
3.250063598841776,-2.0988490138425795
-1.9826569413804207,0.1805050331353284
-0.19856791325962453,-0.7204678666028473
-1.7456689222782529,0.8487613315906268
-1.518546331223491,-1.163545330940177
2.9945080106165087,0.21290635656389284
-0.3649017553168652,0.43660800416027234
-0.8921712655018061,1.0523677638220157
1.9845051201092518,-1.3355797673824579
-2.319147042358253,0.585522963998969
2.5323073720124474,-1.0659814017418912
0.09287517496824371,-1.752727522607743
1.6567427828388772,2.6622390787413446
-0.5620493119995986,0.5465777062561814
0.006815109610537551,0.02465415750428024
-2.8445116087544555,0.5920828729243636
-1.9256049784799782,1.9014624779018243
-3.741740630132644,0.09094608700823688
3.019321102288905,-2.1184521226530353
-0.17885962695407542,-1.442596872582544
0.20574761392609275,1.2065686278288568
0.2964830241071166,-1.8472443904513995
-1.363031586566219,-0.029899948474931604
2.568647495043079,-0.5965126633359711
2.6795958647437303,0.7368895706971376
-1.7742185186986994,-0.3248396792822321
-0.6319281336919165,0.9925512735738438
-2.062932573424774,0.005227246593163197
-0.16266867847636934,-0.6937114696399955
-1.2764148226485403,0.11700606324516216
0.31757862978451046,-1.3512193262790495
-0.1293033694863066,0.014397719761839456
1.720252036618267,0.4194130036037932
1.0088119055341878,-1.5109588105301608
0.2687579508862106,-1.7744296109215998
-1.5160984291064015,-1.151778211238065
-2.5447922120161124,-0.13180038133928518
4.6490407093571,-0.4351131947421373
-2.227736578686281,0.9491732978838454
-0.9586652351782252,0.6419431209771249
-0.5703338655831387,2.7350296147790556
-1.3461281625669543,0.19113686859889983
1.8627384991365024,0.11182598911452657
-0.8182670980135223,2.124482068851834
-0.023206739197672466,-0.49947710595553
-1.4693328392746499,1.6421716217660656
1.575419989622826,2.1298996440530296
-2.462383318890173,-1.117665072441565
-1.9490352089827994,-0.9092828076534429
0.2287736297137708,0.8282911361926611
2.1068545739077256,-2.6234520682802436
-2.1102527226494048,1.7882601947124077
1.8723124057620883,1.5254614700600995
3.1481478302300276,1.6998003896404799
-0.4252838807393369,0.6999636273733179
1.6416471279428904,1.5210811970221876
-1.2516200189070572,1.2703973603876018
1.0982453108990704,0.9531791038729154
-0.8353930445170756,0.43832034679197235
1.5862129666498583,1.100272819257154
-1.44946061264103,3.112474878269692
-0.8676143242812144,0.9194648208865089
-3.104360655347521,1.1791669086602599
0.7795155935129183,-1.4136286526850468
-0.028611861411585338,0.2969377661130098
2.114088873569851,1.100087154114361
0.2130588260640076,-1.288390099943129
0.16350670760992525,0.584596753800011
0.5821490276347405,-0.26066144397001034
-2.1387331578469344,-1.4961373334884502
3.3237048250878383,-0.13899885917595292
-1.5690477530715938,-1.9581225786422611
-0.4557506559452813,-0.3810515844800852
-0.17781969048177793,-1.0922953090942198
0.35619855221928987,1.9145413551360972
1.0905313002740389,-2.628129552790244
-0.23874552070490918,1.5560959686291722
-2.5104019247334612,0.8107789811260158
3.1343373890200024,2.128866521136236
1.273368962637556,-5.882984800054114e-5
1.4416265886244055,-2.43038986534583
-0.5596854849432269,-1.0120629297935613
1.208526099747714,-0.5831508155972188
0.7435661886882055,0.6556392352226699
0.14035219713141878,0.7448078217777205
-0.6659268142238322,0.15632551773848719
0.6260599763689689,0.5242372059277075
-1.650824102509317,-0.2323798341446347
-3.1495938577396094,1.4727025559939781
-4.212619469036754,-1.0750421792302638
-1.1368014418129597,1.5294923627333223
-3.209362580967011,-0.45628717494105603
-2.5840819647786812,0.9119895531031239
-1.4472438712982776,0.20202298460327792
0.5891702919224584,-0.4167333447151307
-1.2047328617319555,-0.6790944148993483
3.024266793122789,-0.10745391859469727
-0.0233065992476873,0.07490871853996978
0.012760209966597102,-0.42832703262738153
0.18074640970568723,-2.3205212277857585
1.1067325217813822,-0.17655580338895893
-1.5582444225191279,0.052604465009905316
1.188105434026002,0.022209969562867693
-0.15522327754465337,1.1212318725235317
-1.0696486316617624,-0.6495372929150809
-0.9233450802285903,-1.107035685204695
-2.077373800233886,-0.598220022562168
-0.716928024830771,-1.0440916343970328
-1.8691324507517333,-0.018522692908605073
-1.2831447209438847,-0.5585911125168129
0.07722241009334674,-0.3196429646987709
-0.9502402106077188,-1.4483949482941307
-0.04010103524681696,-0.7092220800406492
1.657922124928139,-0.6693449644634604
0.7224336392549828,0.6275850217625856
-1.0125049201416445,1.3097318526964292
-2.3082218510672585,-2.915338436224176
1.3605644010894493,-1.0295467640105842
0.36306471083695246,0.9676914626741481
0.3210872894532897,0.7532660504741415
0.609830042000814,0.15895103136767136
0.7788415177993535,0.6212153930547198
-2.3174328281088106,-0.6108037169348652
0.4787478139346124,-1.6999582252520726
-0.18382521952720632,-2.0321566086164236
-0.7165563882771839,2.668871932913557
0.4741189609271901,1.1892148002608285
2.0008641122153987,-1.3477638740863165
3.158072046833352,1.9139997066183716
-1.121126309666427,1.9165372530888296
1.816237700084531,0.5030006340816248
-0.8404615540343108,-0.18805700720116947
-3.1656056597657107,0.3384976536483547
-1.0536712646816913,-0.8559368380664156
-3.7803770081916688,0.9678581817374503
-1.174307533134165,0.5302895168368492
1.4348891966587933,0.1629655442640587
0.6127744850326815,-1.700281734398342
-1.1625591972434544,-0.19401424786521104
0.8099119935151142,-1.2260797579164215
0.21541717073425248,0.07905516801338713
-2.940328501720057,0.6025181688014853
4.430080060045456,1.026435242880302
1.1775583739403013,-0.21838692840024188
-0.10081910583153242,0.005522139138533527
-1.6241783485683703,1.2088417182290156
0.35506701889451,-0.14313678783445216
-2.330801746790367,0.3421316307940234
0.16253517905236547,-0.18083644678150979
-1.5184117728604405,2.550274186616042
-4.056688130489653,-0.2046239958475512
-0.5644226259838563,1.112964987692682
1.2826858323042023,-1.0133150939498867
2.2372062572297966,0.6220463367850435
-1.8133893461928543,-1.8842457456439228
2.7005842532478557,0.4371387647733407
-0.8343017287362957,-0.5766973100935346
-1.132454902949461,1.352807563640789
-1.600080589250855,1.7516449955251865
-2.3548398227515768,1.0275193913867133
-1.6426771486622513,1.3627250326497333
-2.624876005688461,-1.2911295868784403
-2.547520126520531,1.742610305315579
2.3035973840847714,-1.0477670105206716
-0.9530213940887764,-0.3175194571811023
-3.8779190301376283,-0.8680206990776311
-1.4072314471491953,-0.13494425220058692
2.876745071840147,0.6608738717749773
0.3466913213498417,0.19723180806685292
-4.182169824562734,0.9735811902045527
2.6126965837509175,-0.14475186250248126
-0.3974644466165631,0.7540312823868403
0.50614631052132,-0.11679631913757538
0.37865054909620843,-1.6034417994850108
1.3883178842062356,-1.3031128902418172
-2.1732995352505347,2.1411523579579548
-0.17293132776136355,0.4459980511944238
-1.2066750170715919,-0.40812430518688314
0.17703455749796326,1.4847411252640312
-0.8671985895184038,-0.2930283882459581
1.039444088394613,1.4184029213538372
-1.4715257328795408,-0.5024920138484145
-1.9193632728005667,0.12608097815269992
1.105971492216087,0.028177837120490712
-1.9331410626718597,-0.20816602082212926
0.2695934273130556,-0.378638049340417
-1.2803598527278268,-0.9103507408117649
1.0240428529144472,1.197883165474293
2.1455130232910675,-0.6395775799629295
0.7144985104287143,0.8274925804893034
-1.8086611288026173,-0.19990001533730295
-0.4008706942091109,-0.7293294991022696
0.9289142945109767,1.0509465823451611
-1.4060281104929846,-0.6495916581460035
1.7494818021921037,0.7243194723506708
2.838058492076957,0.8821634674819528
-1.6274891732395558,1.9398596374256
1.4435722886737548,0.04887394785241195
1.938355712616382,1.0001190031570095
1.2995274822426133,-1.2145227999558372
-0.3462357040938677,1.0533100534466706
2.2086303068201127,2.0579094058273197
1.9082141174071037,-0.07470166587012528
-0.7639783690538575,-0.5141998477565565
0.9135144696529132,-0.454931514307853
0.6099891755358393,-1.0059864798574671
0.25825221882043436,-0.8898200345321983
0.09357262850823433,-0.19467640500767802
-0.020887777166373134,0.27301920681710995
0.6712877797829502,-0.634895184867311
0.8120500912608386,-1.1106536303954178
4.383530362691637,1.2232149822889693
-0.6429431360147024,0.31980318712470357
-1.048176505401516,1.0928628625029593
-0.174692995325044,-1.2541718428712343
0.4692498962429412,0.5829412936948561
3.5537175722166703,0.19820050378457177
-2.174884331698001,-1.267344758987297
-0.8848686122186322,1.1502659178261438
-0.9079204092574695,-0.2468527133242876
0.07495222333113549,0.5302135433871515
-0.15737905001558072,-1.6103448375325424
-0.12370546436577667,-1.4601176367975972
1.8331750264537447,1.120302569484506
1.738601947213065,0.6508641446823683
0.7082157174033439,-0.49934775542326937
0.7743419089225281,0.6012881153039968
2.0832281929541816,0.12827860300254884
2.3409771283445933,-0.9683395796263382
-0.0782296960781883,1.1784436764756243
-2.219846235506394,-0.3584649742621262
-1.8450340730254369,-1.7866022409475595
-0.736994480317859,-0.2420643364309834
-1.3489425760479192,0.3495933430668685
1.820946605017161,-0.7737683009355621
0.8537944905180943,-1.4281611266239906
0.42741210052676104,1.1259963875433825
1.5487507904577114,0.30258595861070026
4.1909672348307465,0.8752155551871146
-1.3132880865671868,-0.4621120662773376
0.41828425116230905,-0.7892285606758564
1.4260982529440343,-1.244409898285486
1.6198039433797033,-0.08846992985225367
5.889035253646861,-0.3018483952198733
2.831327372978228,-0.1787900782619415
1.2855335843181386,0.995073348489114
1.349281609419785,1.1420075679322994
2.8328382073753806,-0.21939164142872203
0.6894931114221112,-0.10006982429646583
0.23199978947803057,0.5541914742074742
0.4765488368578459,-1.8715685414058454
0.6460404823856898,-0.1146955016570651
-0.32410958453747196,0.468497786406788
1.521406562017619,1.2272634936892488
0.8401918500400964,-2.102865432823206
-2.00095889231644,2.3229396700121723
-1.076614901406645,-1.9466851928192401
2.1010824705079854,0.782939953454214
-3.241215159556863,1.3639171489370618
2.640931394251868,0.8690687142222655
1.6813915208381847,-0.11523607737516478
3.247173519940243,-1.507470361505405
-0.4627430974256872,-2.2232124248847907
-0.44118980589843515,0.9376229570802999
-1.790584018174792,0.6971954960260939
-0.07467412524184303,-0.3617826185023371
-1.8659448024666667,0.08512293444521818
-2.540546067441406,1.1053011876155723
3.108073931917396,1.7553868378527406
1.5083194512378277,0.9880568273185178
-1.4056801339620817,-0.5976172931214605
0.1882369173454599,0.2500976320713295
-1.1563500898244294,-1.0870111405633933
0.43112845626737917,-1.0341396106784195
0.10735455258959803,0.2632819791105809
-2.348027578394345,-0.31520508314153134
0.7670868247895353,0.9474335479447598
1.1247491877212186,-1.5464932749252993
-0.9724355217690586,0.5383364421260859
-3.1635542396659204,-0.7073068176992677
1.8988830740463096,0.8534382567638303
-1.9597382130308487,-0.6466457823895999
-0.3227831861322281,-0.22758876344222295
-0.04939457426356508,-0.6986442636560328
-0.714247652768226,0.4847366449712187
0.5268928833445936,-2.0109870537468044
-0.25970039031796066,0.6965213771489164
-0.8442996408249728,-1.273021295087688
-1.3969294264384562,-0.9028470754239077
4.055326357037942,0.3341419888431979
4.904326927982192,0.3814940071109133
-0.6798837366715316,-0.33247275694158474
-0.23206530431906058,0.11538361297345023
0.6909298141439941,-0.027455422317670675
-1.892397727775105,0.8456600702886488
0.4059322799756675,0.2272965590244204
-0.11365925964767554,-0.34587964020880535
-1.8248282153697568,-0.8627567905587102
-1.2537349335323364,-0.281200848848151
1.794966693889816,-0.12212134707707956
-1.9576665495905727,-0.5424176959962038
2.2510053247089417,-0.40246389433960106
-1.7942835997019069,-1.7862372247039402
-1.4206991100464665,1.669555726140545
-1.6013672679538922,-0.5715432793559538
1.0248915725354015,-1.5489524111717337
0.9288515696665658,-1.102964533854151
1.1477961693525192,-0.12930695526007413
0.9266672829394178,1.176860112694112
-1.3403476224451887,1.1658934288858354
-1.1173227236913141,-0.5491213452948109
1.3622469039577743,0.06876855008377014
-1.750669558387727,-0.7286147839046782
0.8681884509073914,-0.6787421200690689
3.031134954303665,0.743309274744415
-0.851853968282573,0.8008473075632256
1.111952314017382,-1.5514526426684085
-2.7040910404833665,0.4048858940800285
3.8316344349151024,0.9976994852353978
2.7758137910205427,-0.7970524322531483
1.1408537820182305,0.0019891762671537805
-0.4610290654341549,-1.0839939791763955
-0.06769381226596582,0.2482895966949692
1.9338356419552354,2.3132800228641175
-1.4017113578042761,0.6796461528108536
2.5357201788528543,1.2223991089691875
1.9492926296323119,-0.23866071849695397
-3.5753034997939195,-0.09275372776698465
1.8875725845280675,0.8231937620991105
-1.3149171182096784,0.10036150166610414
0.7809801315430551,-1.0344171371566602
1.6432236048747821,-0.30485636304291464
-1.1959677887390527,0.6496300328099599
-0.8275668384504118,-2.3333201945254354
-3.9458654957568644,-1.9954842040537992
-2.871062864765518,-0.27420000150309587
-0.6131441986446418,0.864576464531964
0.9995103597003125,-0.395997634756007
-3.437914415033103,-0.19838804248345487
0.9362250143110997,-1.1350323535132276
-0.10449736944152432,2.0637054692423957
-0.7580204917302611,0.3285719941146621
1.731408969784709,1.0599818075530347
2.4857236468726085,0.7729902644185866
0.7224789377423178,-0.5017192165086609
2.768390156818425,2.820229805911768
1.6827801353687613,-0.12098871422292341
-0.1571176971298036,-0.8056296619896157
1.233798483434788,-0.4507732824130613
0.015409437428184791,0.4198717572630465
0.9469822353626745,-0.5842207391593872
-0.8674097060151733,-0.9600001719155096
-1.411645857140655,-1.251619891008779
2.3691142478840588,0.6206737949980538
1.241646196783242,-1.397400856154798
-0.9141637058478409,-0.9986522617817623
2.0711101122154076,1.7105158944103744
-4.9732463922182335,0.35181264637683884
-1.4155733773438888,-1.0065044834658883
0.2926922341195173,0.8913102327213589
-0.3916989208885009,0.7682597142219922
-1.1654195837314543,0.2777795892241791
3.136616092011687,-0.6973475534843308
-3.3354370263877784,-1.114505425033432
2.496808478147093,0.3822220110866552
1.3804462709030578,0.7849269041222744
-1.6736945679260806,1.4134406140450149
1.5733217889019522,2.1464756531792153
1.2394521462537327,0.20547756249649896
1.0634266518905529,-0.40657163611002045
2.835637858736582,1.468325249155491
4.077781693737719,0.11070975994160573
-1.271902710182652,0.5712462142970225
0.8698386142430756,-1.3593203875291828
-1.7032214480319645,1.3486083857939952
-1.0118961407064138,-1.4614104330096893
0.4462497548560589,-2.1997547950892975
-1.2892783022513892,1.05031782755786
-0.7348807590071438,-0.3401511062937609
-0.9145569011688792,-0.018472780738111372
0.3547063230217993,-0.571087002348874
0.08717231246769375,-0.39364926105342235
0.7833943717997398,0.3873671225802211
2.21273680918394,0.7081644573961787
0.5806029459311333,-1.3525820674841649
0.9406117919300645,0.9570865381326237
0.4113738112950318,-0.41366031782449725
1.0824165462350153,-0.06569896656379112
-0.6522619939630521,0.23669208399919217
-1.42498618967015,-0.8570220536597968
1.5098304782924905,-3.035982709687163
2.7969421149804368,-0.522861511045547
2.927670261137589,1.0771746193520642
-0.2498326006522169,-0.5316844544119912
1.5130436066097208,0.5168221232884056
-3.6424971308746477,2.547587273506699
0.8288268285334062,-1.069836036527633
-2.6396075934395578,-0.06486562612590574
-0.023194678644617106,-0.46526076817974177
-3.2882071844506067,-0.18133825410576537
-1.6184246393596888,-1.3171172566206566
2.7764579419661475,0.9128835764351816
-3.6272407424991853,1.2738245962785713
-4.891174122839115,0.7224422136598276
0.8300584905819477,-1.4861159005422295
-0.02621550118117888,-0.7574853364935279
0.908079964256375,0.3650010546184503
0.4586205723160557,0.5914720228814652
0.10777785788006433,0.01818270679557904
3.503124211907175,-0.5596277859124484
-0.14359431868571138,0.18987305276409852
-0.019427043442612035,-2.514760334428284
0.01886855473364335,-0.769470082703569
-1.5924461284096836,-1.3858740616677139
0.2733004300143338,0.011657974929028259
0.5361995199565679,0.9396821463430935
-3.7385733404761248,0.8174711128984361
2.176711254135345,0.8155135605941967
1.2254958272550667,0.23376455182613776
2.0336376070848843,-0.46670921281219196
-0.6904218907505646,0.09472566255359793
-1.9079249996274168,-0.19507400685301532
-0.6190654063679402,-0.37637276153451427
-0.22376781986986893,1.920543552885435
-3.371807004422224,0.7673600283906867
-1.011759798582673,0.998955728192349
-1.234295199570468,0.486819190537558
-1.6330765967056013,-1.238843071251569
-0.4671746096564453,1.6041569189113962
1.7303583803880254,0.3527554464908178
1.179319848631115,-1.1926792488232656
0.13050656151494566,-1.994572805963597
-0.13659719872163167,1.912136373011887
-0.23437336203817294,0.1403552849864102
0.08738799313467416,0.2790015499974907
0.6267336184700856,-0.7150861608291615
0.7445341997987498,0.027616345713371127
-3.604189079716149,0.8314070268319699
-0.824553058624478,-0.9455751907395571
-0.8736060830823331,0.18240605712975697
0.387914205215913,0.5647292558253209
-1.6125457367615952,-0.9991609885552222
-1.5606270065711376,1.2138747065426996
5.510460590463129,-1.0039242966282766
-0.22171935113424368,1.0562048899399203
0.44645860938193094,2.170449348948924
-0.4692687217263005,-0.22405047146595303
2.3241936091612323,-0.9614076608781132
-0.20661011243391325,-0.11536114364541111
1.7144654196231786,1.1496109300540143
1.8107516603675684,1.4691549000032291
0.798354385271582,-0.7868412529992106
-0.755345909657025,0.43513203505904097
1.1633797231013938,0.22463532462163982
-2.131096726034754,-0.36568455186060345
1.4109954655843033,-1.1007205204912598
-0.5541658998941532,-0.7316037328351468
-1.2377814722642735,-0.8658862133398164
1.3197062926989598,-0.1025991186357138
-0.14261711593817505,-1.401639230341051
-1.752923925959406,0.6703718468873364
-0.7183445463860889,-0.6617060721379069
2.2386973421609033,-1.5275767721429139
-2.731028594201183,0.4056524565242623
2.5862242072680792,-1.0599624523268134
-2.126921389727972,-0.882921665011367
-0.6519068197009354,-0.25943700827375743
-0.03615974327438698,-0.500753470158001
-1.5878690610846307,1.1730123185670074
1.1737734012923609,-2.166780500189657
0.5770677058806881,-0.7461873677459623
0.5848884296919752,0.48542328119227873
-1.527906641839865,0.9387098655984483
-0.1106747449085086,0.7722749396844473
-0.010891785672519472,0.2508375497157749
0.4528637024202431,-0.23221743933687444
1.1203212557958815,-0.7800991339160533
0.6992091754609273,-1.2995916928877893
2.6944491661733405,-0.9198600810899548
0.24879810751678155,-2.6404596502762976
-1.4682968235227656,0.49933394478423426
-0.6468601558418658,-1.1054932259954002
-1.8667943181294921,-0.19936421484361222
0.13093992900246443,-0.07287163142426278
3.63671405756117,-2.1926340804753743
-4.096107164383868,-0.7620019560836321
0.17903891780425418,-0.46528609699948187
0.10188106819589304,0.039098008013272345
-1.9842666780158364,0.5135111129838792
0.9145180389664782,0.34584023499507
0.028220324181854384,-0.2129662468260316
0.4497971756130159,-0.22261522145770823
1.4417635730761762,0.10483439300962263
2.3953957240695933,0.8998976854285327
-0.74369405456995,-0.520651783542713
-0.8921387314061153,-0.08702874604186961
0.5625398714443353,0.81627268995884406
-0.3655587670773963,-0.45301381299748067
-3.210894638901638,0.031764410025491935
-0.527383423507676,1.0407035519365386
0.450909674241077,-0.5054760450771596
-1.613431828887356,-0.23525565606360602
1.1009628363388302,0.6143627046884592
-3.067266464613434,0.34845596481326296
-0.9784077575985606,1.6967412201568686
-0.1727902980871856,-0.0784595067482213
1.3564455222922072,0.3734444835587225
-0.8237970276038764,1.0764361900022554
0.21277862921584711,-0.19751495402887165
-2.55471933258932,-0.9972091797095685
-0.19358016875033446,0.31397951199303076
-2.8596775064971562,0.6075824833491601
-0.3383760305961472,2.4939322719879478
0.6098498788509548,3.045134720326791
2.51350309051296,1.2166909309098493
-1.0529622447663662,0.6874771557134922
-0.4823124949132871,0.9486278064020304
0.19514807689203595,0.11269893146114064
0.5752687050158087,2.6939817990569983
4.00318896553221,-1.1102039770501868
0.22039282777094815,-1.6146088758745822
-0.4530417987619959,1.0438358106298775
1.2036651653300168,0.6021888532356561
0.9527629345583879,-0.2988203414148529
-2.9835478595277425,1.1962735035561856
0.35185544183993933,-0.6180066882874266
-1.9242195902016483,-0.12808930096745708
-1.790465967692791,-0.5323876095706186
-2.492042647795102,1.2542116547644346
0.02786461952784025,-0.39937733389435404
-0.7167661510345793,-0.7873553134986144
2.0209283671925826,-2.3514005694453237
1.7208843885485656,-0.7045711698091124
0.8103801607349692,-2.783387790495947
-3.0897570246946238,1.187454924617364
3.165843759023768,-0.32375099548496256
-0.08153116779361858,0.1493028182188565
4.35770473958454,-0.3241702691287496
0.6685540921355004,1.550934622994053
-2.3615078401378367,-1.4989210983272316
-3.2649326796351312,-0.9444259945285605
-0.9514554782771563,-1.6109465810223709
-0.8859965511613872,-0.9865825447726636
2.2892811874756047,0.2809006704211127
0.48608388068656794,-0.5522877821875759
0.3870981708616297,0.5001101918824233
2.4314844377079297,1.8824416226463758
2.7610332563705806,0.4084498358512313
1.558949785003634,0.6870873510339537
0.40229810638368724,1.00726658985105
-0.5333267903057242,0.05075622486380266
3.023470514209984,-1.7543388525035257
2.7337676653248026,-0.6713382001031034
-0.6640565643238867,1.88406021191381
1.2887604501028789,1.0222534858518093
2.6662429599189985,-0.6060526246119318
2.4028569085656324,0.36908598636253587
1.5073506851192633,-0.46793047891306505
2.113941252621415,-0.08908789616170054
3.476043303073217,0.5999901230943132
0.2947312409235683,-0.31679758792343615
-0.5921671767313939,-0.8448130306542354
0.5882463929734341,0.17100174669289217
-3.1606950319959957,-0.9688250110542138
1.266495429228188,1.399405911659823
-0.4810279039963965,0.8048991688392415
-2.741380050884429,-0.26867494360740984
-2.1756641432175394,-1.1479864304548058
0.22394210029204675,0.08111193482708973
-1.666909889864547,0.18556724446641748
1.6855740160726658,1.3567719102985456
1.695338244141484,0.41680474561193737
-1.0657627703712858,0.06756836562310843
-1.8677596156859355,1.626918012343011
-1.399867515948158,-1.4657882958354955
-1.5101077748544585,0.41954355173044866
3.4363043690438357,0.7331513588123482
0.7866274742814445,-0.45780520814954195
0.7966127664397593,-1.209644239985177
-2.6440197140334414,-1.6330180537999255
1.7343878868457638,-1.4349471671238885
-0.5647309122984501,1.2137210093951514
1.3180435010619198,0.17388623410177678
1.0023064557147316,-0.5392363138441926
2.096238443852082,1.3774524726113506
-0.5464281763943739,-0.4335029226770928
1.3229580908732657,-2.0949221078116502
-3.2989977498859893,-0.3231152662856291
-1.5555030650887192,0.9221411352615593
1.0442972302596996,1.3359295950841201
-1.2980967230272844,-0.21272504473003367
-0.3721992499440261,-0.7511628985811037
-2.3442768507580216,-0.1925671762898173
-3.7370036992409155,0.34817743996990597
-1.7333298323430286,-0.11459070696505413
-0.3684932373199339,0.3436968059111414
-1.709366740174647,-1.9045050928243967
1.7833324992172739,1.898912154890356
-1.8372410559365635,0.4056092676636532
1.3470531876389922,-0.7997525584377193
2.092728859684694,2.0721826109460135
-0.7215790466869243,-1.9732852221424042
-1.5769585890133087,-0.7784012663516657
0.1276640394023527,-1.189859968725794
-0.8749516226140175,-1.0728640114789738
-0.21403513551009423,0.7688400226649714
0.4392060284186101,0.8626965872622357
0.09218179170284557,2.58231063751297
-2.6423154604645283,0.3760162470974061
-0.12311699488294625,-0.4857370039041199
-0.09162023925792528,0.5967082151071607
-0.019782980945429518,0.8649618752502104
0.829300768242327,2.148033835910676
3.2577267057340364,2.168779666710334
2.4315814462402763,-1.8683743830568762
-1.4219805288339593,1.0617698420123227
-1.5473867664690193,-0.028021125434043614
2.3419801144848007,1.4039016693703985
0.6950543160495388,2.0157970212416103
1.2673581471860684,1.1030663092584225
0.9865172971899101,-1.3825652806735982
-1.0189201621461503,1.7330786836724354
3.1908096568498454,1.0742205253444714
-1.6013769020986617,0.8010600236723727
-3.3154694663903865,-0.03685701580079953
-1.2012571754410954,1.2716224319884226
-1.0938177691207316,1.2734574239025311
-1.0947635689254551,-0.018143904287112378
1.6116417899461304,-2.4236393799823617
-1.4699725715178085,1.8177672738156812
0.010856506531977672,-0.27706350592653833
-0.9514197814845304,0.3836346858437687
-0.7720432727982991,-0.7689840284877656
-0.16984702020282239,0.41851413405362425
3.563217136371904,-1.104175242163607
0.6657492809720371,0.6738335316895642
1.6020638847119764,1.115978848017871
1.8688101864414022,-0.9782961313778658
1.064300484750658,2.3339276204363966
0.8247874575991605,1.3934578463474732
-0.2677903396373664,-0.7783808845971958
0.3095213532301022,-0.2227165784156937
-2.5956095255047664,-0.38795445400623146
0.4495648892577253,0.6045955206853394
-1.520882520119423,-0.7034999066226502
-2.4123761242533117,0.13186118076427011
0.6346548256117273,1.582053758857103
2.8856007819918865,-1.8996101721399783
-1.3371332509696194,0.3175555132126854
0.6619089031064362,-1.1206306098673071
1.689275244307424,2.4176246319826142
2.5739771316400537,0.48025942168189606
-1.7080812024470016,0.055986901266423805
-4.117451454796332,-0.012968481713080016
-1.4377930284330693,0.2357544311983326
0.11865227673424483,0.831464428287624
-2.945462642642111,-0.3655917821365883
-0.5574021464184375,-0.05466012564653289
-3.8179797305184655,1.7907040939869368
-1.0595864191495452,-0.8435691381257031
1.105195667355943,0.9756642337914311
0.8905399943480043,0.8229913771922079
1.3268168802689404,-0.31951561475534473
-2.413720329897524,-0.5761636432218307
0.5188001294980076,-0.7674160604326576
0.2584529344331217,0.026397801710729474
-3.6591705673054813,-2.1869753110422576
0.19860470174548528,-1.768521521950278
1.5069740090113153,0.09756622121783981
0.5962195296722856,-1.571427272952326
1.1867065972521118,3.398884406354423
-0.02425198683840346,3.30329673197381
-0.2981470625632836,-0.9243389768508332
1.1011115789942636,-0.8847611268109656
0.16640479723507595,-0.21957201474510565
-0.4816710404027269,-2.4400274299204074
-1.0020604595556102,1.1161929570968296
-0.24638412758229267,-0.043623536084763825
2.3341932560456153,-0.29293652062485
-2.2391975533607997,1.893864853730607
0.3458675602633332,0.6963453035354006
-0.32442576300691384,0.27044026619154304
0.5328078832568539,0.4756938930276273
-2.343085972606061,-0.10224399170452808
0.4219916425050081,1.228444668302919
0.11743465551255916,-1.347538814525726
1.9583971359066736,0.003397856755973927
1.4352109532737893,-0.5355687087733949
0.662730953431157,-0.8363487627578285
0.46654939013675545,-1.9979165985635519
-0.3590433294801505,-0.8204797976145485
-2.4294446751756715,-0.30579141527038206
-0.47990547936850936,0.495687393083666
3.495236979399869,0.31445659812667726
-0.25771989389983396,-1.6676381673683862
1.013546504858314,1.5730603632897007
1.0740701798816858,-0.9867516420754457
-3.062137238489617,-0.5217378455411252
2.8799304377950783,-1.6442704771555878
2.037546937919428,-1.7812595425249467
-1.094865130667098,-0.891829426473487
-0.13610910640051266,-0.03583395382822137
3.515515373068739,1.3796119448992774
-0.6684582207615155,1.0372097108547291
-0.3675354623576492,1.1005437872973942
1.9409111335403861,1.4296682768922713
0.9197985187210289,0.15063317386205272
-1.9337609587336964,2.158578517785337
-2.7780032564599777,-1.1864913979202123
-2.0155655408448268,0.735540485445656
0.4135347756128387,0.7563438751201952
-1.2134922476376868,-0.305552485061354
0.7127964000796316,-0.5152486965863311
-0.07498381644301233,-2.1638460882695494
-2.648279173745995,-0.5399204487653854
-1.7473117284957693,-0.3869558730720045
-0.12206634458145116,1.9521279397170068
-0.21314689172363765,0.25649361514574925
-0.20030571777939832,-1.650025937191073
-3.0522991411005913,1.9653026813683299
1.3785962755243664,-0.3312960443308342
1.284960303504438,0.11017763419640142
1.150239213620213,-1.0427860910458033
-3.717429145606437,-0.7441836804692212
2.0195893047543287,-4.888505480648564e-4
0.3538453285438061,0.9840552733491398
-1.0475695820311768,-0.9179112589864262
-0.8057252862695692,-0.5242736835904485
-0.9253033905404289,-1.2104767039539222
-0.0911930635578635,-1.2405114138222952
-2.0961008626202293,0.04056181667000633
-0.8339198027952879,0.5581125214800843
1.2874390992078153,0.6005660966285826
2.108446619705818,-0.027672935505739737
1.2538360612100403,0.16139931723917222
-1.150744403909433,-0.23991525142852183
1.3487201492226566,0.8091190623368985
3.0404109659069443,-0.2631602518744618
-0.28484863459981824,0.2820807636429328
1.6499639290796226,0.9254217386618697
-1.1378709635379254,1.527783986669677
0.6363380469775972,0.8971378085354041
-1.8382130313881495,0.5157168366064825
-2.0235559664280673,-0.5146225048192596
-0.46907796517069267,-0.7411244935945465
-1.2274726911712404,0.09489355900182363
0.24429271986927148,1.029300560602225
0.8832994865832484,-0.4056651335059724
0.46819556715135136,0.39602382389591995
2.2269182374291283,1.0686525648451501
-0.26744750478207946,0.03801103032255021
-0.01408461427882779,0.5404764700286171
0.4512416895556983,-0.216996990573173
1.4023440242554575,-0.36215698048096634
2.007679290979672,-0.10487589070883119
-0.4135713734856079,-0.08812414799688914
-1.1874270539340683,0.8065603365090452
1.2953588085336203,-3.238294751847895
1.1960717239524752,-0.7156521112306874
-1.75540051292786,0.5492629100065809
1.5520561570717288,1.2507813363215994
1.174490920612652,-0.3148614859609091
-0.5681582279299033,0.9917646860587316
-0.7871033625556354,-1.0767675365234712
-0.22243634082894337,0.9000921084156657
0.33196890665917245,-0.9130047083238502
1.4195898072924056,0.0715047058372531
-0.8090006295007619,-0.21273718246880197
-2.609526146904733,0.39103047572811467
2.5548219986815064,0.8573913068444108
-1.465333158519396,0.8504176142413071
-0.29878524797000683,1.7944890540035245
0.5984688099323994,0.859299025389221
-1.4045329021935435,-1.6466479393655815
1.2058307028078326,1.005259915241914
2.787781888204621,-1.5471953232257434
-1.8423517161827179,-0.5260613179036341
-1.9715031907332934,1.7481771046758323
0.8101827733609248,-0.8754194513166513
-2.6878444131690746,-0.29655446478104025
1.005714053243449,-0.7319503172075187
0.09778921302569143,-0.2172376905598068
-0.6982526969159881,0.9462630477142466
-1.7824141174516615,0.10884473660893357
-0.8504927301665668,-2.4323379905552533
0.10993920051586992,0.6258188633457893
-3.781056785994526,-0.015464642881029042
0.5688860279280656,-1.7588047242284621
-0.8669301891945009,-0.22950522718200472
0.6529222032290738,1.4856013383560858
-0.9151189391408665,1.0533815085059488
-2.3702280576872914,-0.7645399162028763
-1.5243649655406917,-0.6795923541779413
0.2053566965597149,-0.80426855306978
0.8662483593780324,-0.6246937776549508
0.8827879338598552,-0.08598831073306856
-1.9940140207019552,-1.4405169273411982
-1.8732273049616577,-1.4086777756800117
-0.7901332799344214,-0.4554536628519616
-0.009094228753363964,-0.697936354742394
-1.6864113078301637,-0.9323726020051748
1.9551537881230634,-0.12507941620312862
-0.6521758379010851,0.36671045678971687
0.08196881895554542,-1.5791084072098152
0.26828593230589126,0.5489746483949983
-0.4375892112294695,1.1043472994181773
0.48811701632695925,0.9643948810061707
-0.23953277745872104,-0.3791482505750814
-2.0182698751866006,2.101247997596828
-2.1541401177617976,0.6236460904893913
1.7418922121033136,-1.029407402138296
-1.0117123629334186,0.8861918010586034
2.219889934855326,1.1058200944337793
3.444870785954899,0.05662364174640391
-2.426533798363888,2.090772745530503
1.0638197658196407,0.7236264146497178
-0.1568820689816146,0.39460855146320495
-0.18428970646780307,-2.1453985023245417
-2.5575140793355287,-0.8075535658867883
-1.6198809822919804,-1.9126870279502213
-0.6847832421388977,0.6073548026151508
3.2837667082369397,0.09841108526894493
-3.3157043277393345,-1.3742590341184644
-1.5861651359980948,0.08698925167272051
-2.722864734856881,-1.8482192858170783
1.0074054920076643,-0.031131609057661325
-1.8897270274253737,0.31817527166338777
0.41956883673251966,0.6295207980419755
4.806966964440906,0.6571345155817749
-0.6121386966885236,-1.009058138701207
1.9486520509574805,-0.93441936987703
-2.7461775219090527,1.4994941014706107
1.324655212091176,1.8718443369019369
0.9356151738487961,-0.8668994138475349
0.6367208773592501,-0.5837279076682003
-1.668347709035349,-0.331020889791255
-0.25672745570130573,-0.3660841000905712
-1.3811454800424352,1.1064117377575684
0.48571603148701614,-1.6997292644442952
1.7977742489877842,-0.5793175452761175
-2.131263386247352,-1.2330248998447102
-1.9185275288206194,-0.02985480177175895
0.07900614467191902,0.00886445278696435
-0.7392992398203626,-0.08066551957460943
0.42907066840016306,-1.3753628964315197
-2.0230404950338916,0.058235912334400064
-1.0979558560553557,-0.1808689428057738
3.3063856542923933,-0.47247246142742394
4.4671373618389945,-1.1100312236798096
1.0872656080578773,1.0667833358387746
1.3062956926156124,-1.2638687674153037
1.0512864227913115,1.3712420288091665
1.0333451831422424,0.7037606360572063
2.2282526272452015,0.0794588795012438
-1.6867052632750106,1.063616718717662
-0.17091376156512084,0.5346933378715855
0.5641635043845139,-0.3126181375037203
1.752317975632523,-1.2224178493475832
2.465310625688282,0.8487208694561812
-1.491661930140829,1.087800838853431
-1.0384104958456915,3.750365819875392
1.0337956566027016,-0.7883283379600919
2.5218658131582528,1.1522839328048713
-0.28391028311784394,0.44111328396328625
1.0775341708202695,-0.24619599764926997
-3.3869447061015774,-0.023838926561501605
-1.016286291069337,-1.459699274246192
-0.06069294852459084,-0.052462395359819336
2.1800466317995064,-0.8718129917353002
0.0937175533157113,1.9046497146776642
-1.2047178825056184,0.9275293493448608
-1.8834364928998273,1.804834739834492
-0.46449270744552784,-0.15669951363981494
0.3219092482650536,0.48009988685381366
-2.0939694308320593,-1.1153379367735679
1.8171578261266441,-0.3693559689287671
-2.237728016643562,-0.5608049591080224
-3.0398205320937004,-0.5532350506820256
-4.073049646237917,-0.13163088545739354
1.2343567391334522,-0.9732766061510846
-1.3409851810391489,0.43812426088692374
-1.2216275822712135,-1.380701254120031
-4.27406417830389,0.07972743642878677
-0.3834529384698757,0.7540383493966325
-0.5214400436171074,-1.8346524591958249
0.20215515708876897,1.5215150969695808
-2.2322008414710437,-2.3901182746055136
1.5941568030159567,-1.2447264610274713
0.3048469037602981,1.257758342474515
1.2845291766309517,-0.18033808521743333
2.275062286431801,1.808186695520425
2.0449472485226705,-1.621445441929851
-0.42628789374802745,0.7601347923213099
-2.54715835318403,-3.081411819249091
